Time,Roll,Pitch,Yaw
0.0,-0.05533327505220728,-0.007905141858380578,-0.05527589949098489
1.0011123470522802,0.012294907780692907,-0.04881880047959027,-0.005526798088166835
2.0022246941045605,-0.0007151596493607574,0.07500726548490999,-0.2749566717269825
3.0033370411568407,-0.056225610289137876,0.014939825377928234,-0.06429831115938175
4.004449388209121,0.06134586885658612,0.07289615031898518,0.07223293838689294
5.005561735261401,-0.004042230475471523,-0.043820270363622155,0.0277742625228203
6.0066740823136815,-0.026477225475012613,-0.012895097798808323,0.0693987177369515
7.007786429365962,0.004304108130920821,-0.037037628803939786,0.1309924854803945
8.008898776418242,-0.04892562604585258,0.07073925714437833,-0.03677052830120581
9.010011123470523,-0.014110528203223966,-0.06449390265402427,-0.0713346558735973
10.011123470522802,0.03473483894394295,0.010708379744185882,0.040787850387223976
11.012235817575082,-0.06781696882133567,-0.019362373714492672,-0.06248957239120583
12.013348164627363,0.059602226210995826,0.09036141232434375,0.05718122490398875
13.014460511679644,-0.11976100269123931,-0.036277431147292934,-0.10558570199021562
14.015572858731923,-0.06190897584054772,0.08805664132962387,-0.03962474854243579
15.016685205784203,0.02075552952859434,0.12748241461770765,0.021144272819125818
16.017797552836484,-0.039472326804604954,0.024830962219724875,-0.036080929260751786
17.018909899888765,0.030334069105967306,0.02396401083384674,-0.07602570587190487
18.020022246941046,0.049474295176111925,-0.01336338989493157,-0.029172361987842434
19.021134593993324,0.0008553361925978169,0.07529679633618204,-0.10587529515106528
20.022246941045605,-0.03741916426242691,-0.028504513315494025,-0.06935667204750354
21.023359288097886,-0.0380714913936691,-0.08258528560649984,0.029577895262794023
22.024471635150164,0.03127950844987945,-0.012171251144782229,0.06656449578206221
23.025583982202445,0.04148075360876828,0.036310353962009045,-0.027279638390481743
24.026696329254726,-0.042775232520719846,-0.02889726946805223,0.05188635432177054
25.027808676307007,0.02872289456774027,0.0046011464354684655,-0.007490792640638325
26.02892102335929,-0.09152259576120403,-0.09163761623373329,-0.21151268630332587
27.030033370411566,-0.038740193916853335,0.013397084892551906,-0.01260540993653651
28.031145717463847,-0.015653610576489306,0.009401774702894421,0.0025144808991476456
29.032258064516128,-0.06878446863661038,-0.02346761383471498,-0.0006908200664680177
30.033370411568406,-0.006555495270378098,0.0159298635176297,0.10901439618818812
31.034482758620687,-0.11156681630358595,0.05686235483570869,-0.1571628998013851
32.03559510567297,0.0019772867781467887,0.034391652904703196,-0.02519201415509599
33.036707452725246,0.02673698010026527,-0.0034726180788031582,-0.14476930887132639
34.03781979977753,0.06283564586206211,0.053183971849854274,-0.05116460887234092
35.03893214682981,0.0485472395575428,-0.02127399030881777,0.0021810520718436796
36.04004449388209,0.030492046324784552,-0.07467925967689469,0.00974906272665144
37.04115684093437,-0.0370262562695279,0.04843840044964833,-0.10611606422339627
38.04226918798665,0.07730278946298419,-0.04449565445545296,-0.015664690875155513
39.04338153503893,0.01433045399377454,-0.09242955234197259,0.09179540044868753
40.04449388209121,0.07957767267705311,0.03429146914399577,-0.08227851698159985
41.04560622914349,-0.043155321926610146,-0.07155400374820478,-0.02881570996979458
42.04671857619577,-0.030273100859071603,-0.013957100751177613,0.10011739166593732
43.04783092324805,-0.03207798976980969,0.03192166498185619,0.02158730861583196
44.04894327030033,-0.004781600553866685,-0.08980081335186182,0.025830281574134455
45.05005561735261,-0.05353860779697115,-0.08256268396811553,0.0371758563814245
46.05116796440489,-0.06522900138605339,-0.010269628712646375,0.05965085425859098
47.052280311457174,-0.043883283079105134,0.061245254854490075,-0.05385121676962691
48.05339265850945,-0.03450259066734065,-0.027817250806753548,-0.018065176522380325
49.05450500556173,0.006551478803331675,0.004289352679516297,0.08452883838197582
50.055617352614014,-0.05536181475809793,0.04821744768794501,-0.04081301232148879
51.05672969966629,0.02807667932587958,-0.023715068892774235,-0.04304246073225149
52.05784204671858,-0.07257505815173591,0.010347760240232318,0.012759057285137513
53.058954393770854,0.010085113201709468,-0.012783233621496743,0.021104452872033275
54.06006674082313,0.08165808509656318,0.06302375721833399,-0.06617002505430011
55.061179087875416,0.0014405362635040834,-0.0235513580134761,0.061103731395265766
56.062291434927694,0.00623448166083278,0.01897273271246247,-0.05310035884070765
57.06340378197997,0.055037274925696,0.014490842767906362,0.10460454217727239
58.064516129032256,0.023903807600003074,0.008290745411742585,0.06255408067893381
59.065628476084534,0.0185369264672957,0.009497025577026579,0.015423195151646862
60.06674082313681,0.053991168236307424,-0.0329821433083764,0.021405008810914488
61.067853170189096,-0.01740122109042845,-0.05826682182566356,0.027016878303561982
62.068965517241374,-0.0008571636075168758,-0.14277090143557195,-0.10590448290017405
63.07007786429366,0.051084812044596195,-0.05779923041107008,0.03885101514535934
64.07119021134594,0.061020366206493384,-0.06464772577793754,-0.05525214305380556
65.07230255839822,-0.061328331009652216,0.041855495372264614,-0.05773741406624888
66.07341490545049,-7.654435854185389e-05,-0.005097512438813843,0.02138336963339534
67.07452725250278,0.06331356306938929,0.025176841190811025,-0.0102985742771729
68.07563959955506,0.013558058863530072,-0.07937336593326808,-0.05437669068464733
69.07675194660733,0.007033249059181401,0.04992267335830375,-0.06663846796844959
70.07786429365962,-0.0012802715822704937,-0.06529725363014392,-0.022711848018377175
71.0789766407119,0.03390747961249338,0.027987385938336287,0.043491738354171174
72.08008898776419,-0.053048346111554394,0.010284335226858227,0.07918233777141391
73.08120133481646,-0.023898785715467656,0.018638190653003876,-0.05929477622687448
74.08231368186874,0.08870588020528948,0.08897333632355248,-0.0017548680064560663
75.08342602892102,-0.06741880340814502,0.07969117739955,0.03759886089214742
76.0845383759733,0.027377001269021872,-0.14745299420052307,-0.12178708899430982
77.08565072302558,-0.04391400863185152,-0.029201743822054274,-0.10619590727782127
78.08676307007786,-0.11103138608899268,-0.047558960535420754,0.07852031245097164
79.08787541713014,0.031765404958709,0.040066786417600773,-0.060492532103116683
80.08898776418242,0.03122611772780581,0.08851071685762685,0.06914074560389247
81.0901001112347,0.013578544826783896,0.10405401184544981,-0.025859586603040607
82.09121245828698,-0.07126194452200406,-0.03721883607669031,0.08561183775401357
83.09232480533926,-0.015265306251529396,-0.07366958292469204,-0.16131851142515846
84.09343715239154,0.023647862936210517,-0.036039486804888075,-0.09295648219149863
85.09454949944381,-0.004713476128242612,-0.014883080220101536,-0.021583569336612405
86.0956618464961,-0.03899626037252334,0.01602469120055493,-0.030091549538663234
87.09677419354838,-0.0010625306080960437,0.04856833398428468,-0.016252903252322835
88.09788654060065,-0.09556667379194425,0.006122311654891494,0.013998731928923112
89.09899888765294,-0.013290493531171864,0.06355780900488672,-0.07870440924974995
90.10011123470522,-0.043320016833212294,0.007784572588388697,-0.060973772292644446
91.10122358175751,0.07808179937935733,-0.03431479097158598,-0.03507198856891044
92.10233592880978,-0.016536281466014817,-0.013657079260839389,-0.06770909812665132
93.10344827586206,-0.0711109846657239,-0.012314469725454545,-0.03882400628629081
94.10456062291435,-0.03762714224782026,-0.03256552374331111,0.016535711678838636
95.10567296996662,0.0663708181329405,0.022362239257829493,-0.07729188392726535
96.1067853170189,-0.0874793820335035,-0.015213986331159791,-0.03736987265825257
97.10789766407119,-0.018455508369113503,0.12484249387727696,-0.013986004042057784
98.10901001112346,0.0392295559455508,-0.037137210520633575,0.01605684976730886
99.11012235817574,-0.04315862449953192,0.060431704762593366,-0.16160640031476592
100.11123470522803,0.010661065185554664,0.03024183964085625,-0.06574223674316877
101.1123470522803,-0.02688421863978603,0.09652817147677807,-0.01718982147195101
102.11345939933258,0.1075776535490072,0.03071034874900055,-0.19618133575453847
103.11457174638487,0.003841347406167297,0.12205298254245028,0.03808548716805485
104.11568409343715,0.004011285588439719,-0.001503661800021417,0.0520021580989988
105.11679644048942,-0.02293797217944368,0.01954434429039165,-0.1678776038676104
106.11790878754171,0.02867208613504306,-0.015889427926858157,-0.042221411809989576
107.11902113459399,0.10156394868644639,-0.1599946029183792,0.0329363041258596
108.12013348164626,0.028790247679386434,0.05949509498517172,-0.10071358942988831
109.12124582869855,-0.01955611328641685,0.008270508429354588,-0.044339762500483146
110.12235817575083,-0.022953916596436627,0.009639300220911855,0.017996816359426637
111.1234705228031,-0.03870272278852081,-0.010457068115640277,-0.034457953489483696
112.12458286985539,0.10562419653297733,-0.06924709314748981,0.027982582308881256
113.12569521690767,-0.1424933584856132,0.04376975902694484,0.027384757677654387
114.12680756395994,0.005457428493466987,-0.05849276918446722,-0.011474714237686975
115.12791991101223,0.0606967165038401,0.002649898030307141,-0.15896062309231823
116.12903225806451,-0.05251900144221997,0.017007565851149205,-0.18063063586751382
117.13014460511678,-0.04838934740541637,-0.013515316711385806,0.11222843358268604
118.13125695216907,-0.049369770477327074,0.002251238841770318,-0.14134142250160597
119.13236929922135,-0.011231580627875291,-0.07164845724523188,0.07095342242952452
120.13348164627362,-0.0028621419688692907,-0.04417545467288423,-0.017926377912386923
121.13459399332591,-0.018319432386833576,-0.05336486691470813,0.033456535404525506
122.13570634037819,0.0023842260229728312,0.06392088450661303,0.12033990330311323
123.13681868743048,-0.07449588325787872,-0.014024526959982311,-0.0015481701820550288
124.13793103448275,0.015538557274959175,0.05190370645861028,0.03122539544873254
125.13904338153503,-0.03772148982557183,-0.017866362304706587,-0.11532589024131513
126.14015572858732,-0.011752527732481028,0.023047344767509696,-0.14080167806168423
127.14126807563959,-0.023276863862720668,0.043805715904655984,0.05793495654500734
128.14238042269187,0.020814549655909925,0.015250183721308872,0.11054131061440287
129.14349276974414,0.019879809037716575,0.04992102295074884,-0.05793170316387418
130.14460511679644,-0.02200977041494669,0.04727625081080189,-0.01559525865870435
131.1457174638487,0.0021758620865358802,-0.0004762149212335532,-0.01280842978689577
132.14682981090098,-0.07130256519577496,-0.07091694143280018,0.06582141138122216
133.14794215795328,0.049633246320477,-0.09845978525779321,0.0566357364523713
134.14905450500555,0.0546805544589376,0.05429587773720136,-0.07969608169186371
135.15016685205782,-0.06904481386073293,-0.013886977189056763,-0.06110102760975752
136.15127919911012,0.09042349276158612,-0.006176133804933797,0.08435796429228606
137.1523915461624,0.01022431130562095,-0.06739782582616076,0.017324239856356363
138.15350389321466,0.02008240566120432,-0.05849721556178797,0.09925917695367205
139.15461624026696,0.05231368853083406,-0.05719826594149418,-0.16050590266240414
140.15572858731923,0.03812391094575155,-0.05868981919430927,-0.06498247474622912
141.1568409343715,-0.0758142881026778,0.018010885052863298,-0.1296039741154956
142.1579532814238,-0.10212686138517504,0.04442461931619249,-0.10844447348735978
143.15906562847607,-0.04942988125511246,-0.13458417262470893,-0.18345888987099868
144.16017797552837,-0.039172842499843964,-0.11262044613605049,-0.14586668436299086
145.16129032258064,0.0035989185208979953,-0.015068863656001939,0.013056057949736702
146.1624026696329,0.045643534467538736,0.02182098286217026,-0.09070989677206595
147.1635150166852,-0.11647384226043096,0.004141646376235589,-0.07429278372820455
148.16462736373748,-0.02869174494552473,0.07500891542407336,-0.05651640637900068
149.16573971078975,0.06608513622167396,0.03010749527255373,0.0535321398824189
150.16685205784205,-0.05207416811669899,-0.04953472925317787,-0.07943795059538346
151.16796440489432,-0.031742426307367365,0.06651497834506102,-0.03337015002880681
152.1690767519466,-0.058361805933277194,0.013229861308117312,-0.025892788241720057
153.1701890989989,0.06670081474069016,0.07029960650387576,-0.07178003450878484
154.17130144605116,-0.09420441443639456,-0.08707246370955465,0.15183440210621646
155.17241379310343,0.002159065515682302,0.0764340782988872,-0.14468609459927692
156.17352614015573,-0.026732821339086468,-0.04229668193548902,0.12686733672798245
157.174638487208,0.01406669944033425,0.047596054887169524,-0.06338035688882157
158.17575083426027,-0.10635019761934748,-0.058937293097103584,-0.010374797964690055
159.17686318131257,-0.0933623861644813,-0.03994064476921139,-0.010290081452252818
160.17797552836484,-0.015296875797801857,-0.05504217527722604,-0.012392717480986495
161.1790878754171,-0.026752400076433137,0.0347580297092968,-0.0311471935373269
162.1802002224694,-0.07005032365234871,0.01955620977818605,-0.03503076410131388
163.18131256952168,-0.05393253012916193,0.011275536949253156,-0.0311666679749232
164.18242491657395,-0.07293734777275045,-0.052431800870304524,-0.12478448654514615
165.18353726362625,0.016764231253732744,0.13753930035936437,-0.0660470225105207
166.18464961067852,-0.08681082830275245,-0.04460438716456452,-0.0038639146571664423
167.1857619577308,0.054172337558358444,-0.024300412682178446,0.030378171335622026
168.1868743047831,-0.06073953120627107,0.010243507068131324,0.15671261655281474
169.18798665183536,0.01864744131213032,0.017918610121017888,0.025544451837287728
170.18909899888763,0.06763458995945465,0.045763725116801025,-0.1319116344713146
171.19021134593993,-0.08876003542179986,0.029781088081791415,-0.028577957938305983
172.1913236929922,0.008785522901694846,-0.018833647561070196,-0.08878568050058497
173.19243604004447,-0.055527430394292476,-0.01791482646059421,-0.13486401851118163
174.19354838709677,0.025484478320680338,-0.022779445301581484,-0.04141509452698966
175.19466073414904,0.009772930370696731,0.024253517352008036,-0.021129874845304146
176.1957730812013,-0.025804048071279714,0.0006789913633887787,-0.14911465904676008
177.1968854282536,0.027915961799449125,-0.0860518234132211,0.017430100060932374
178.19799777530588,-0.018550193780786275,-0.04202673678903304,0.05577521700362849
179.19911012235818,-0.04031308275307077,-0.02652664886478642,-0.11540885610232465
180.20022246941045,0.07890892908186085,0.04955388171892274,0.014127833725457534
181.20133481646272,0.0758087931828671,-0.002455037698628119,0.04135123389752316
182.20244716351502,0.004415964671507291,-0.022911240641070092,-0.06632603237631735
183.2035595105673,-0.02791484390210097,-0.06219129390309086,0.025911653810863258
184.20467185761956,-0.004613090941858341,-0.0018444265852312913,0.0019020713172896025
185.20578420467186,-0.0006758498715769681,-0.035560267691640106,0.08046489897948846
186.20689655172413,-0.009216888159645475,-0.06687866708788671,-0.13004817788625658
187.2080088987764,0.015214730840389441,0.03233359850959777,0.028452559964067967
188.2091212458287,-0.021829356128661923,-0.04014936579869006,-0.12225218400850252
189.21023359288097,-0.07697772273347116,-0.06716413507283174,-0.06680881677583
190.21134593993324,-0.060226605403453384,-0.09119499902242653,-0.10831465584595343
191.21245828698554,0.03992827683001643,-0.004439035429307814,-0.12726247767621113
192.2135706340378,-0.031881025007865875,-0.01900507913146436,-0.21891678398889933
193.21468298109008,-0.03928905520765548,0.03671941440211724,0.20386337952983283
194.21579532814238,-0.03573866513956131,-0.042445046137514375,0.004206803291576647
195.21690767519465,-0.07815948411570565,0.03151202234499189,-0.15119095692824058
196.21802002224692,0.0293718430980056,0.004192446511675263,0.03619585512405954
197.21913236929922,0.04750212969705247,-0.04051498499052002,0.13442446791161744
198.2202447163515,0.08877390560285284,-0.08397696843338243,-0.024163479806315145
199.22135706340376,0.01124299311992715,0.09099192214121152,-0.05955882828751992
200.22246941045606,-0.10924683046224362,0.03559417301241277,0.10322901127239895
201.22358175750833,-0.06343185126207011,-0.030843703195321565,-0.0067625668729237795
202.2246941045606,0.033998630303403124,0.07791891442328945,-0.1637869376785506
203.2258064516129,0.011425129853522675,-0.07884807580262636,0.13257310165955216
204.22691879866517,0.023799674603289717,0.039484095580996775,-0.14299129013839137
205.22803114571744,-0.11766536984693579,0.056007482282061906,0.019795087658946546
206.22914349276974,0.010178304080058726,0.08077852176373007,-0.18619299281678148
207.230255839822,-0.08492328318411653,0.004783169723450187,-0.014600871875766343
208.2313681868743,0.00476508668108443,-0.13175759216753882,-0.03778344795452281
209.23248053392658,0.10165588416496939,0.02271571206545253,-0.13560638258720098
210.23359288097885,-0.04451979682768869,0.10095632353877178,-0.0264258812807271
211.23470522803115,-0.01898506256034709,0.04217691000296837,0.026432087246262705
212.23581757508342,-0.03127321767395289,-0.006849207777544363,-0.04018790033020794
213.2369299221357,0.016922853050605976,0.010672202344499889,-0.01877755579911049
214.23804226918799,-0.0634268131610648,-0.10029243715869074,-0.050362577912065956
215.23915461624026,0.08573379664455505,0.008584375690027367,-0.045467131420066365
216.24026696329253,-0.027218839417482033,-0.054698874556350585,-0.06247782001798767
217.24137931034483,0.046510193879116625,-0.06894630128478312,-0.09187094403818535
218.2424916573971,-0.0016893122056222507,0.059368663341760886,0.022384459696055334
219.24360400444937,0.02191200976027788,-0.041177598730400645,0.07676130027675625
220.24471635150167,-0.026790089574027228,0.054462888875617343,-0.05647066359096531
221.24582869855394,0.06312190821457922,0.011573168930453117,-0.04328471170727988
222.2469410456062,0.0036031567506221497,0.028246054896973568,0.040486866208020146
223.2480533926585,0.01223210461384729,-0.03778636685328105,0.03750288910847758
224.24916573971078,0.06160160769062653,0.034526662786254846,-0.06190139658951625
225.25027808676305,0.016846250333753195,-0.02307249781667263,-0.22782783916400665
226.25139043381535,-0.06221665414055666,0.07972170292131806,-0.07907119124036173
227.25250278086762,-0.04654314211538327,0.0033772271220257367,0.010050193223110425
228.2536151279199,0.07037683285954437,-0.0005732208331094231,0.03135602170171835
229.25472747497219,-0.0396270522698865,-0.07881929036828433,-0.07294744249585644
230.25583982202446,-0.07720097087163423,-0.09390860308561506,-0.0168841214262984
231.25695216907673,0.037837520710142264,0.07517787720497028,-0.10029562609420431
232.25806451612902,-0.02947346322143228,0.007435790106848059,0.027266264673290914
233.2591768631813,-0.0007717594706668705,-0.0034475504786644962,0.09514458088562303
234.26028921023357,-0.07284416840769833,0.06770258284276895,-0.016844431054848306
235.26140155728586,-0.0328359889628908,0.029865830334878107,-0.23111626458255685
236.26251390433814,0.06270059363034683,0.01079871976762637,0.08169214058812006
237.2636262513904,-0.08010810625395408,0.057185723201895626,-0.031234888764600472
238.2647385984427,0.004124743356658687,0.03502945079355263,-0.09112832528574577
239.26585094549498,-0.03486921644317187,0.02795897439336009,0.07481634665232327
240.26696329254725,0.04971413500926419,0.008050872282235246,-0.1835200214869625
241.26807563959954,-0.030435351560145974,-0.043567060708676275,-0.18464424300853854
242.26918798665181,-0.044398298621705336,0.012718467783708214,-0.11488198672521352
243.2703003337041,0.021393830902504653,-0.009549922505609681,-0.00976447916711043
244.27141268075638,0.04342399696440913,-0.033788334965871865,-0.05796385879055895
245.27252502780865,-0.012849446477975302,-0.009652836453912317,0.01580222354488047
246.27363737486095,-0.002003684385279676,0.12446074229573628,-0.05059074258825628
247.27474972191322,-0.025073575054570314,0.07709407618518214,-0.07499710327260281
248.2758620689655,-0.0076056208776424696,-0.030440473716102995,-0.16846952860361777
249.2769744160178,0.04839237424859286,-0.05195035918933431,-0.04790119281833328
250.27808676307006,-0.0202721740604712,-0.06026519378491188,-0.08187883133631357
251.27919911012233,0.05651605372571659,0.04310650172254721,0.0006114566030931412
252.28031145717463,-0.049732593736399974,-0.020900209395551345,-0.009130022476526146
253.2814238042269,0.03505858669846213,-0.07040418785097556,-0.2037973367396129
254.28253615127917,0.04230557818135699,0.048678952775959655,-0.17287711718614251
255.28364849833147,0.06857317224105958,-0.05534622187600479,-0.18875454149745918
256.28476084538374,-0.0030308474096671593,0.009725288398959338,-0.10965605685540081
257.28587319243604,0.04956619993121482,-0.03489976715109893,0.07115793964210691
258.2869855394883,-0.07053802030686722,-0.05060729664016831,-0.022069725622463073
259.2880978865406,0.020087290119544028,0.032004719880326715,-0.06377088037339344
260.2892102335929,-0.0028714663591356254,0.0906575216678361,-0.06379449188187546
261.2903225806451,0.07545525506527484,0.022660779849642945,-0.07661781371408584
262.2914349276974,-0.05806117634899463,0.01384324429718363,-0.07848139112558557
263.2925472747497,0.04091303913636026,-0.045483951288711806,-0.11504821797058833
264.29365962180196,-0.007486899950340359,-0.06620984373224578,0.03482242688541391
265.29477196885426,-0.02362588011934656,-0.015541344602051744,-0.10353939867100057
266.29588431590656,-0.04503368916546358,-0.011471973173896874,-0.0662035114343541
267.2969966629588,0.002503293841715133,-0.06902116295832954,-0.15625929031387925
268.2981090100111,0.0020749491340680618,0.11201079911406873,-0.08114514251647187
269.2992213570634,0.027171566521397097,0.10159879459043958,0.010837513173482784
270.30033370411564,0.03495381201148045,-0.0456977099137269,-0.138956549940372
271.30144605116794,0.014412481047093584,0.0014766519582766879,-0.015210458365301105
272.30255839822024,-0.011506480579422164,0.010879464642756844,-0.06896430624913778
273.3036707452725,-0.08089092983698123,-0.018653651394100353,-0.06696396945626727
274.3047830923248,0.0034468380529329144,-0.10165884956943572,-0.04332294856265711
275.3058954393771,0.03478963079324631,-0.05700863492883723,-0.012536059553098285
276.3070077864293,-0.09478346192681002,0.04470144443138316,-0.1013361913718734
277.3081201334816,0.08638914393941052,-0.0729531650240338,-0.04763972841952184
278.3092324805339,0.016074081220882844,-0.10252915432373744,-0.07939915123995925
279.31034482758616,-0.004061057967192103,0.009127516536736846,-0.11386618111872898
280.31145717463846,-0.04636092850702761,-0.040233407507446806,-0.057862310475356525
281.31256952169076,-0.013500677844179002,0.01237717130157173,-0.10544731462801979
282.313681868743,-0.006568213065818814,0.012788827311766405,-0.038259592749556544
283.3147942157953,0.044117113449143076,-0.03483197102916306,-0.06155088275709636
284.3159065628476,0.008563441357463666,0.022924998639392038,-0.0941358561361207
285.31701890989984,-0.05919139056703407,-0.01622007557786128,-0.01995449465145651
286.31813125695214,0.05418836015734272,0.023789094930065674,-0.014368283685549266
287.31924360400444,0.00014803580954178222,-0.06864845209197455,0.011769998284997946
288.32035595105674,-0.016430097287976862,0.01254763305376864,0.07964453200702462
289.321468298109,0.011397097478465852,0.03246393147381747,-0.15718729384716296
290.3225806451613,-0.04074488057044845,0.03247400562297905,-0.07894324252933903
291.3236929922136,0.013026592288639555,0.023197941097642893,-0.16394042708876977
292.3248053392658,-0.05687566858000135,-0.007424094596871329,0.04412622517277523
293.3259176863181,0.06945462997897336,0.03292027462644897,0.018573299467288862
294.3270300333704,-0.0606040394949772,-0.10498920066618032,-0.0699097067692951
295.32814238042266,0.11285587003647941,-0.05220671261586826,-0.07354393506332152
296.32925472747496,-0.0031755354843924183,0.043235957425719486,-0.209244318048612
297.33036707452726,0.050151207579861946,0.013530077728692564,-0.03066164293692878
298.3314794215795,0.11823833252302263,-0.022716400521560064,0.00624460357319663
299.3325917686318,-0.04804042877484877,-0.000763229699140756,-0.0632422180095612
300.3337041156841,-0.024512371156984614,0.015936472569240943,-0.08584697684559049
301.33481646273634,0.03903527790368188,0.01304969378076967,-0.09595467298268898
302.33592880978864,0.06437976573465334,-0.035808687073382986,-0.2254295021798322
303.33704115684094,-0.05176947772125689,0.01733848547738052,-0.07483095056604637
304.3381535038932,-0.07543775457210364,-0.0853063575242445,-0.18203905812810106
305.3392658509455,-0.04873240173266155,-0.07565449485105746,0.145439603170593
306.3403781979978,0.05319700848320248,-0.03500568542791087,-0.05929768040836361
307.34149054505,0.09470997688373123,0.07566376452741123,-0.07144665722012543
308.3426028921023,-0.0882336517793324,0.0678557637502004,-0.06338643595134873
309.3437152391546,0.05961475581932673,-0.03130493249911721,-0.04831615312150115
310.34482758620686,0.02747756399705248,-0.0005734585926774491,-0.22275644008527898
311.34593993325916,0.02323685122928215,0.0031131824850800824,-0.10473991082051529
312.34705228031146,-0.029179890914860875,-0.10159090078994655,-0.0918243601148037
313.3481646273637,-0.04976866573613989,0.005428824804641141,-0.01028669413485686
314.349276974416,0.06877448409321589,-0.07211161021182158,0.029520700452312268
315.3503893214683,-0.07302786612344202,-0.06918997647496296,-0.0982120915632701
316.35150166852054,-0.007379122728799668,-0.11131262563140903,0.030579140443994984
317.35261401557284,-0.05884096552632892,-0.03733461172231652,0.01791009648830283
318.35372636262514,-0.04636818670105434,0.10113625471671457,-0.10644973214014206
319.3548387096774,0.026162859974413984,0.09577474081237125,-0.14415472010335878
320.3559510567297,-0.01611501258346523,-0.0029233212859550166,-0.25868575372866653
321.357063403782,0.002017215800937751,0.02255516362888327,-0.11574001964128773
322.3581757508342,0.019212905731116305,-0.007080364952480292,-0.13545076930174096
323.3592880978865,0.03407531934798101,0.10117219208419986,-0.16023653028647233
324.3604004449388,-0.03547465523701282,-0.006863464054643845,-0.18831145697920737
325.36151279199106,-0.012862570629974972,-0.015046868028569114,-0.02291499676749354
326.36262513904336,0.03775502252504065,-0.11049543717213912,-0.015504750611968147
327.36373748609566,-0.04193323491837195,-0.007205841075233872,-0.042421734940038154
328.3648498331479,0.06235341103014529,-0.05337558963270416,-0.041061892071671546
329.3659621802002,-0.023855130386354118,0.024917066102524667,-0.059377844821767466
330.3670745272525,-0.05003669713586459,-0.07214893355822405,-0.09200913115678948
331.36818687430474,-0.06920217778213618,-0.016188424869299146,-0.1309169807221948
332.36929922135704,-0.03500202499587337,-0.015654864057134357,0.1505495946055169
333.37041156840934,-0.027108595411735804,0.07868594703696342,0.09410877774444723
334.3715239154616,-0.028799071898192002,0.01802949480302999,-0.1587219866029349
335.3726362625139,-0.02952905491547199,0.040269608234504706,-0.1720620405067127
336.3737486095662,0.08184884164695289,0.0608214159171378,-0.06893383081863791
337.3748609566184,0.015322900945997349,0.08688182816439789,0.01010772379141854
338.3759733036707,0.05897481976483607,-0.10332755411396499,-0.16042925228859461
339.377085650723,0.0636918483725345,-0.11385261005633239,-0.03468294058146894
340.37819799777526,0.008254827412684263,0.028363834194294252,-0.138590214949568
341.37931034482756,0.020298470958837973,0.0718472713339216,-0.059401507684039456
342.38042269187986,-0.026740397909951655,-0.007465033996722593,-0.06450480619259835
343.3815350389321,-0.035489805747841795,0.003654774940003616,-0.19119374017290341
344.3826473859844,0.018430068612903926,-0.04536719185172349,0.02966739485018674
345.3837597330367,0.005976407314625259,0.05922512422921592,-0.035826967789427636
346.38487208008894,0.011157591445179055,0.03232474729799913,-0.06252541822512006
347.38598442714124,0.019388910298092542,-0.031519113288516865,-0.15210887826871627
348.38709677419354,-0.05339422326299005,0.1121316571558382,-0.09900533555632504
349.3882091212458,-0.012094759162326751,-0.07891975691714258,-0.10750678506643445
350.3893214682981,-0.006753938342398323,0.009407718014464416,-0.06609741153351703
351.3904338153504,0.011327053228601568,-0.04357803196623222,-0.14396698712632364
352.3915461624026,-0.05245634163162578,-0.0692402802428119,0.08560376183133281
353.3926585094549,-0.0191086922878457,0.004306661182356332,0.03494530473608598
354.3937708565072,-0.03762257055328605,-0.022929492162449303,0.08769783650440019
355.3948832035595,-0.040212583452100825,-0.00793967642232316,-0.0673545308527645
356.39599555061176,0.04977013021093531,0.08445831332599345,-0.0720056467795473
357.39710789766406,-0.022505966320564105,0.020311791623676502,-0.057565160152766456
358.39822024471636,0.03433197229036579,0.027407630236196686,0.04319362068043012
359.3993325917686,0.057329415160889734,-0.09374777221162658,-0.15157310083190112
360.4004449388209,0.05424199878956307,0.01594925749237748,0.04300616010360181
361.4015572858732,-0.07881155283296304,-0.01707408928443446,-0.10239863074738315
362.40266963292544,-0.01913333205285088,0.009988881620393669,-0.1915375027371966
363.40378197997774,-0.01765993692238718,-0.0687189463037552,-0.02785950500194656
364.40489432703004,-0.04482572737496706,-0.02006195615791106,0.011775412088485024
365.4060066740823,-0.017833049870275133,0.002956566713243904,-0.06760675695903165
366.4071190211346,0.04988575698491726,-0.10021719116531498,-0.06643595250040975
367.4082313681869,-0.0017346411391560514,-0.05600815636516089,-0.1831179580475869
368.4093437152391,-0.10707769160080123,0.032681513095976715,-0.12528132616647866
369.4104560622914,0.031084720983119186,-0.03179724126255067,-0.037442822760918724
370.4115684093437,-0.05979473754896866,-0.0380995280661095,-0.020207091533522924
371.41268075639596,-0.06661923476615803,-0.007683659173012458,-0.28015275270201223
372.41379310344826,-0.019216603672193494,-0.017362178425413457,-0.10082053060302312
373.41490545050056,0.1170148782110994,-0.008905963293120827,-0.2616075045814489
374.4160177975528,-0.02473738590426253,-0.031193019459511404,-0.06344578893869764
375.4171301446051,0.024449220757681783,0.03195845873064106,-0.12153341214052081
376.4182424916574,0.005266101894825643,0.007419052260119074,-0.20011579473629437
377.41935483870964,-0.04344260174174477,-0.0030733333879343033,-0.03600439334765784
378.42046718576194,0.10233771455392543,-0.01223724837905618,-0.11588343164346909
379.42157953281423,-0.0021102933681683253,-0.0006043628641744252,-0.09840159380746652
380.4226918798665,0.0417271596539603,0.0030833316726572467,-0.01563407224165464
381.4238042269188,-0.026060845511400966,0.033396265348931954,-0.15040480073374607
382.4249165739711,-0.0100590591726769,-0.04173677098167392,-0.16749067610418303
383.4260289210233,-0.04323507124566505,-0.002700037033983493,-0.11639872329944762
384.4271412680756,0.005301442380972101,-0.02616464616019177,-0.10513152106117261
385.4282536151279,-0.016772645701380415,0.0007385085906389601,0.0033368154608455353
386.42936596218016,-0.03644640070690516,0.03517403753468192,-0.10953817519711569
387.43047830923246,-0.015533989108924218,-0.03108891094002634,-0.09558227496972563
388.43159065628475,-0.047499212612420696,0.01652430153831198,-0.20825588168619968
389.432703003337,0.014639073376236387,-0.028194667635347934,-0.009266759738920063
390.4338153503893,-0.028167851959960785,0.06246913256800721,0.013443796275769818
391.4349276974416,-0.007002458193144094,-0.07083044870317788,-0.13559710389553276
392.43604004449384,0.032693166897436066,0.04412606778903047,-0.13481809523351163
393.43715239154614,0.004031548796575697,-0.00679042989580546,0.05176954361254943
394.43826473859843,-0.027944005711095232,0.09475755369781741,-0.031877929108163755
395.4393770856507,0.08225394272002091,-0.028847087557898693,-0.27673302290368385
396.440489432703,-0.012542019136864488,0.07317988498597298,-0.03324661141843118
397.4416017797553,0.01283545396451864,0.00010148573354225319,-0.15691019854527272
398.4427141268075,0.04645598634916229,0.04638835001459881,-0.09684538600735085
399.4438264738598,0.006360172086628851,0.08269599155973788,-0.14150595791513448
400.4449388209121,-0.006327177080025931,-0.059917241561153405,0.021495278854039263
401.44605116796436,0.04072313310856668,-0.08800852100719452,-0.05785676232349208
402.44716351501665,0.04165379084885991,0.05363850290736982,-0.22011895490644673
403.44827586206895,0.004240552224724195,0.026880636769795394,0.001439322789833275
404.4493882091212,0.03196604965273574,-0.049102252160972734,-0.19129776734116963
405.4505005561735,-0.020433119413836638,-0.06467708353948906,-0.17411553317228187
406.4516129032258,-0.11127432422554305,0.024792805063180268,-0.004671739004486974
407.45272525027804,-0.06310233505651061,0.0045305036679307055,-0.1521342599692722
408.45383759733033,0.001352682867640921,-0.057671586675983856,-0.13999263885775648
409.45494994438263,-0.07895127408029734,0.030694564405722657,-0.1110126618525129
410.4560622914349,-0.029171106029765095,0.021828034272959398,-0.10476971644634521
411.4571746384872,0.10225646969244702,0.006282488623695164,-0.09430307570547854
412.4582869855395,-0.023040397718139687,-0.02653429398996242,0.051421299343213656
413.4593993325917,0.004964336905067555,0.013084568688382942,0.05672429011174143
414.460511679644,0.03900023204060143,-0.08178091667840665,-0.13486358007659538
415.4616240266963,0.045738333888613134,-0.013000625904020457,-0.15384241130425888
416.4627363737486,-0.010945235063486231,0.09968438419809113,-0.11993621680755472
417.46384872080085,0.02266236920936425,0.013004813544097408,-0.09076813170817227
418.46496106785315,0.09644753489159712,-0.12158215872447382,-0.1539175134726274
419.46607341490545,-0.050736263081697486,0.00810745716637085,-0.07758386186909962
420.4671857619577,0.009970177578909925,0.051447604283200235,0.01427800656880221
421.46829810901,-0.007919545870286733,-0.004449205684721225,0.020887875630361458
422.4694104560623,-0.012105275945805388,0.06628915074190934,0.05202179976593975
423.47052280311453,-0.008776826037404787,0.009596888398653476,-0.029038230257134298
424.47163515016683,-0.0022046754432380688,-0.06907859931174891,0.08683711759796071
425.47274749721913,0.06143934417094339,0.00412602201248417,-0.0459510363126621
426.4738598442714,-0.07994317179774478,-0.0264333161809883,-0.17242209023669974
427.4749721913237,0.0016868010660875416,-0.013631919475362667,0.04386012190904827
428.47608453837597,-0.02060328443092639,0.0690932068870679,-0.08582422336568832
429.4771968854282,0.04571499881386701,0.08659002739098448,-0.042041509621066855
430.4783092324805,0.007776589664075247,0.11873414505733455,-0.07851899275264368
431.4794215795328,-0.052837801120621614,-0.06492594572135271,-0.15366439865264464
432.48053392658505,0.03905010448913444,0.06256999996222828,-0.16508257636070994
433.48164627363735,0.046263546446293366,0.0009486553460045745,-0.08931722889119824
434.48275862068965,0.030776857206682353,0.03780673586562937,-0.04194807159100413
435.4838709677419,0.04468430710681307,0.02541163666653262,-0.05506166609802727
436.4849833147942,-0.014966259316938964,0.011489840295991401,0.02084789314537927
437.4860956618465,-0.005610851070223168,-0.033790859345092614,-0.03977627423087435
438.48720800889873,-0.01995220691493604,0.04561384157164222,-0.20348507767905027
439.48832035595103,0.04279655569643456,-0.06163220937995503,0.03985913612049109
440.48943270300333,0.021399266875404017,-0.02225199462396456,-0.036368451186796664
441.4905450500556,0.033246581244283306,-0.030385630452534996,-0.016033499684949132
442.4916573971079,0.009067253028232022,-0.00036194419293532673,-0.1005729658989598
443.49276974416017,-0.01652071638515878,-0.07130260836798545,-0.20639718251794015
444.4938820912124,0.00648446028275487,-0.01062474197866882,0.12591572743821566
445.4949944382647,-0.012974451804333568,0.033222947761254285,-0.11318529276094197
446.496106785317,-0.08720659241051658,-0.022733553862303354,0.01307886844217064
447.49721913236925,0.008277301997760065,-0.08420530012786441,-0.061809391704862396
448.49833147942155,0.022431329107459923,-0.012400962397222937,-0.15354559841637097
449.49944382647385,0.039418416521152154,0.032105615519356714,-0.27211775285046214
450.5005561735261,-0.015911888034490597,0.04384645968469848,0.009868351689030802
451.5016685205784,0.012584586929580078,0.01833335304754046,-0.09947279068707096
452.5027808676307,-0.07632367383499213,-0.06357331969952167,-0.25334750088676755
453.50389321468293,0.048916572359779247,-0.021432304247310813,-0.12155925298281754
454.50500556173523,-0.07407653663013213,-0.06349521229678469,0.10598000969716523
455.50611790878753,0.14960266920886303,0.03699491377870658,-0.10478065457231919
456.5072302558398,0.03576226597166452,0.06260057592176714,-0.13787244414528332
457.50834260289207,0.017883760218747817,0.03405932793095389,-0.21393222228779757
458.50945494994437,-0.06097461920055058,-0.038399793173878025,-0.16304743266659705
459.5105672969966,-0.00933051995180564,0.014112187759265954,-0.15703368326362158
460.5116796440489,0.014839724798602866,-0.05618374985264799,-0.1440154053642747
461.5127919911012,-0.004225081500812612,0.03645169601560834,-0.01992689607549808
462.51390433815345,-0.04283049114163692,-0.016921715760686323,-0.10406702125842608
463.51501668520575,0.003334975107458577,-0.019833238131152637,0.04828037617995547
464.51612903225805,0.09887137940329449,0.0565026046078603,-0.062291631722881345
465.5172413793103,0.04682192171895031,0.03673374639300791,-0.08153067818191072
466.5183537263626,0.01173149877881111,-0.03625857702633403,-0.01174646580778324
467.5194660734149,0.00877327584517897,-0.008561726362178891,-0.045077543640043204
468.52057842046713,0.08892075008360155,0.013476340388191385,-0.1950204528006788
469.52169076751943,-0.014785127084633962,0.0024495175411886547,-0.047038881474615005
470.52280311457173,0.06536723738362575,-0.012511904869555543,-0.1422116637841941
471.523915461624,-0.03202177015721927,0.023239280872251567,-0.03613820129273193
472.52502780867627,-0.030945458328453537,0.050129031558835226,-0.1580746096200737
473.52614015572857,-0.0007867649563871543,0.028101377119231843,-0.09154592068034764
474.5272525027808,-0.11617926396132153,0.07872093050383866,-0.17258187368604355
475.5283648498331,-0.0016702403691942218,-0.09364320561502339,-0.09927060847638974
476.5294771968854,0.12190381879199728,-0.10026453861166812,-0.06357490632872934
477.53058954393765,0.05509268674740989,0.06582416197085804,-0.15907787678205193
478.53170189098995,-0.0450391165354057,-0.03838502496282849,-0.2519269187236346
479.53281423804225,0.06403719120134718,-0.006466146859952364,0.0915649123092414
480.5339265850945,-0.004635059008028742,-0.012213628118070651,0.06458536251794322
481.5350389321468,0.10395675976191476,-0.0444795325881753,-0.059329724336261186
482.5361512791991,-0.08445236158156931,0.06673216281986709,-0.059869733907142855
483.5372636262514,-0.07132628331124172,0.018281235103937137,-0.07408478576820708
484.53837597330363,0.008103560248560215,-0.022318252095680335,-0.08314843908085542
485.53948832035593,-0.10390151520044784,0.050178263668429195,-0.09890528190278994
486.5406006674082,0.04022399596454778,-0.03297824740884267,-0.027223327409081052
487.54171301446047,-0.006443112891321746,-0.012295542042941697,-0.06973021968429327
488.54282536151277,-0.006662678915829324,0.05537626983711252,-0.15268013604761088
489.54393770856507,-0.11077477381176988,0.03685982848910407,-0.054667453015923274
490.5450500556173,-0.003549247370635755,0.023833473080079076,-0.0754683361015637
491.5461624026696,-0.034766290765471906,0.013762918536067457,-0.10323203495515082
492.5472747497219,0.025849662706263994,0.006943635208401086,-0.11562560868890287
493.54838709677415,-0.025001277464246636,-0.04367440083359141,-0.09429807884879483
494.54949944382645,0.024182127336722085,0.0337034872973159,0.006258516975825842
495.55061179087875,0.02600731157533753,-0.057883278877557814,-0.06689870661967276
496.551724137931,-0.027300575084500785,0.0019818131132871668,-0.02174397193376547
497.5528364849833,0.028092856561722303,-0.020780142433246857,-0.14544815779358317
498.5539488320356,0.012291385246313694,0.01469586451449889,-0.1951681484050174
499.55506117908783,0.04770492806386339,0.01564449482928817,-0.2064657461270632
500.5561735261401,0.04686417206203642,-0.04664882132629498,-0.1529371753032856
501.5572858731924,-0.06446974410867133,-0.04420113111320988,-0.020869769201307772
502.55839822024467,0.018252962341906747,-0.04951245941716632,-0.10124954962862671
503.55951056729697,0.06106813790067797,0.019112949570828937,-0.030563798372688245
504.56062291434927,0.03159405679805649,0.09373611716677419,-0.07419874504651573
505.5617352614015,0.038013972457746854,0.05802951281174421,0.0035361233645857387
506.5628476084538,-0.034817835095308024,-0.02225459433005358,-0.08494337233894815
507.5639599555061,-0.05086708233193348,0.005571799201620614,-0.2087564947198288
508.56507230255835,-0.0300761544568749,-0.015111745472795923,-0.02587775077683406
509.56618464961065,0.03063509092623299,0.05646562346084877,-0.12189511809889651
510.56729699666295,-0.033960162180104045,0.04991633441067985,0.04000356745748282
511.5684093437152,0.009053443784741136,0.08353583992091207,-0.10268193092844884
512.5695216907675,0.03441062747920894,0.02778499257110452,-0.14941213093585876
513.5706340378198,-0.04602717497959555,-0.01426082994689599,-0.11717435298668309
514.5717463848721,0.039913840197769,-0.004096576290909592,-0.24347050361388634
515.5728587319244,0.051209784572424824,-0.06007611923608877,-0.11097658226285956
516.5739710789766,-0.09958029028296662,-0.05918876076187808,0.0176693685849333
517.5750834260289,0.028413777333790594,-0.07178936138511119,-0.12860987744308702
518.5761957730812,-0.03219379643300808,0.014667931733176712,-0.18299181983233428
519.5773081201335,-0.027011152615857233,-0.059830340609046385,-0.2834182941550468
520.5784204671858,0.026168410651784962,-0.10347161272258293,-0.2180068261533803
521.5795328142381,-0.0700691128589473,0.021217906229923787,-0.1684979481178781
522.5806451612902,-0.039689527314662965,0.04040525099720593,-0.011879817467923812
523.5817575083425,0.06456881755295475,-0.018814389015623347,-0.062400876105288994
524.5828698553948,-0.08087224355569352,0.04670991405733372,-0.1922557733121512
525.5839822024471,0.06780276850071988,-0.022669588593926517,-0.09801428373860256
526.5850945494994,-0.016990794192654892,-0.017319852550061864,-0.022530357127017495
527.5862068965517,0.038558576497548305,-0.09392207000518356,-0.11104484956297175
528.5873192436039,-0.023023247672247067,-0.06537686475200188,-0.09503489777078603
529.5884315906562,0.04348127650059788,-0.11953642520819374,-0.2174881080755336
530.5895439377085,0.09861017617188682,-0.050767774793033155,-0.21398438172283513
531.5906562847608,-0.0630633519235692,-0.009721618685492928,0.012890053621654185
532.5917686318131,0.08266897534627492,0.03924673594509237,-0.10922283731630529
533.5928809788654,-0.06512087684458896,-0.05471412032424207,-0.09160699845073803
534.5939933259176,-0.011840129170603132,0.1498011242528881,-0.008187256196393142
535.5951056729699,0.042885939928783985,-0.058907601176188845,-0.25147153776473663
536.5962180200222,-0.05687058034862094,0.028433597375482046,-0.08531280327712691
537.5973303670745,0.001239086813498395,-0.0074833506395965465,-0.15651266342751607
538.5984427141268,0.15357223874203418,0.028233228648833198,-0.07420174143539002
539.5995550611791,0.000385938272438543,-0.043685532531525274,-0.08906026813974982
540.6006674082313,-0.01905512956646992,-0.02653813585683091,0.014232320154454858
541.6017797552836,-0.07127130592034464,0.02119555768233225,-0.10496422043330565
542.6028921023359,0.08955698672036673,0.03122886452399175,-0.10985481134576261
543.6040044493882,0.08370448488968825,-0.04197598254074205,-0.0141497576757188
544.6051167964405,-0.03325773766673604,-0.07778024573932832,-0.13300578655332237
545.6062291434928,-0.051539298190211746,-0.033839729891317866,-0.09217029336399632
546.607341490545,-0.10647992068864712,0.05069053763694858,-0.10798329174078748
547.6084538375973,-0.06779716196986825,-0.00206187308413442,-0.1301859521888627
548.6095661846496,-0.08395254712373962,-0.01922698185581244,-0.1591135069783891
549.6106785317019,-0.10932656465475354,-0.045075597131829265,-0.18924187273815668
550.6117908787542,-0.04943339947454381,-0.022342999334293553,-0.19648481243219243
551.6129032258065,0.09182394294781004,0.04561696934950826,-0.1313068892525304
552.6140155728586,0.07902222160891631,0.028541118109725483,-0.10787642898616472
553.615127919911,0.06703956176015367,-0.01715705620710009,-0.1621755702985766
554.6162402669632,-0.0012564573437997524,0.1547998780178364,-0.231915645815356
555.6173526140155,0.0012259977223128406,0.08881588514877255,-0.11773021433198537
556.6184649610678,-0.05752314016761784,0.009030297845641229,-0.16700769811401217
557.6195773081201,-0.06658186900601763,0.014422757971648232,-0.255199472180493
558.6206896551723,0.01225094961149529,0.011893973712590152,-0.07107303277694242
559.6218020022246,-0.033196074978738326,0.007975835923148272,-0.21816191488512987
560.6229143492769,-0.012436943530821275,-0.037079233776068095,0.08880922968948946
561.6240266963292,-0.0099812275620723,-0.0006656127527907166,-0.09940898982558637
562.6251390433815,0.0006301182007133035,0.11671709164774208,-0.06501393621034662
563.6262513904338,0.04374336773236329,0.038757607186728035,-0.10205493719123448
564.627363737486,-0.05546668025089429,0.0011834965739967805,-0.14280989965057198
565.6284760845383,0.006957639066620264,-0.015289119887902429,-0.0033768809295527807
566.6295884315906,0.01663441032011137,0.03911200943125373,-0.08807143712740187
567.6307007786429,0.015105530231618425,0.032422378415356605,-0.12034643857586608
568.6318131256952,0.03613272850693256,-0.04622696362466667,-0.11419511139119003
569.6329254727475,-0.01279389983735106,0.03302813018194211,-0.1356544196942147
570.6340378197997,-0.05117424227601929,-0.11141483254643421,-0.15236843485677118
571.635150166852,0.04319627372958166,0.006721185150778507,-0.12856803215245327
572.6362625139043,-0.03038058157630435,-0.013645699112816224,-0.1492639088829372
573.6373748609566,0.04002479504297842,-0.06385550301753921,-0.21427066596017297
574.6384872080089,-0.026743131565917552,0.054935213524458175,-0.10672919658937328
575.6395995550612,-0.01582494731788043,-0.017534496818790223,-0.12752911966112582
576.6407119021135,0.010516174204921165,-0.006177410687623378,-0.09787119639868595
577.6418242491657,-0.06538083621485939,-0.06687767396350644,-0.10025619692473674
578.642936596218,-0.09319695803640479,-0.014080694509565193,-0.0998447904231339
579.6440489432703,0.0011774748982254855,-0.01374752213965424,0.022926318980930366
580.6451612903226,-0.07133475845973666,0.022295745970404547,-0.02766836856608644
581.6462736373749,0.005472134838820444,-0.056913758895522464,-0.07704994588283365
582.6473859844272,0.06057487679555518,0.0477835200607258,0.03207048578506713
583.6484983314793,0.011636847791966531,-0.015153498866079848,-0.10487660964720417
584.6496106785316,-0.05920893021881966,0.06611880215525089,-0.2453542039130401
585.6507230255839,0.034566170301113905,-0.030901016475297607,-0.2539167081629133
586.6518353726362,-0.013660102799096447,0.020363529868544377,-0.0911906714924394
587.6529477196885,-0.023099501228319455,-0.006615569032495082,-0.11336847040315284
588.6540600667408,0.019765251785417187,-0.019688166388833042,-0.10630122334503087
589.655172413793,0.005998552542731252,-0.03762248247019949,-0.11097420360615412
590.6562847608453,-0.06741301979337415,0.041531019451123766,-0.0640669021266003
591.6573971078976,0.011878392244460119,0.03120896400608072,-0.1738987768248504
592.6585094549499,0.03379705083901103,0.006908778685403154,-0.12815049798892764
593.6596218020022,-0.07114384028669747,0.05955921682299362,-0.1357998641172921
594.6607341490545,0.06105801290594168,0.08738627720232744,-0.056185216510063946
595.6618464961067,0.005186237314687361,-0.03966294567279044,-0.04170596135718342
596.662958843159,-0.0471921563550146,-0.0951242042922167,-0.05642867609894907
597.6640711902113,0.01889142046810742,0.0015170157161926855,-0.1590940420061685
598.6651835372636,0.018787459995566094,-0.014631984221464648,-0.20421864581035742
599.6662958843159,0.004179860760021154,0.12047089193193093,-0.08653638888751651
600.6674082313682,-0.020859087200133977,-0.13779776719802048,-0.04841494423778399
601.6685205784204,-0.06574426495471793,-0.02381675645137815,-0.1749661468153817
602.6696329254727,-0.0034371980535773707,0.053415477571361974,-0.12117201731135308
603.670745272525,-0.02928036069387026,0.009759245293197803,0.004099268952988289
604.6718576195773,0.03962587359974071,-0.039332980320004346,-0.143544069493498
605.6729699666296,0.09980671824524365,0.02303634093874579,-0.23767917043872772
606.6740823136819,-0.05816430884756592,-0.041961770725659625,-0.1347760073150685
607.6751946607341,-0.020727750201616657,0.051241960062894276,-0.07109643107757954
608.6763070077864,-0.024382125056289866,-0.03213868231520451,-0.04429570312100513
609.6774193548387,0.019364948818598016,0.029684366569571616,-0.08542658548438667
610.678531701891,0.061176094954829154,0.08755013282449796,-0.2118728720244325
611.6796440489433,0.0813277364269561,-0.005905316911556514,-0.1193947751236461
612.6807563959956,-0.17275103425645066,-0.00953973247168023,-0.14027062046105201
613.6818687430477,-0.014375193517259716,-0.024514063357272842,-0.11662115065570622
614.6829810901,0.020644040456602272,-0.02158545822655143,-0.17937870317459198
615.6840934371523,0.044502237712420206,-0.008088469605209318,-0.19652784111419547
616.6852057842046,-0.04036483259862562,-0.02851420065949198,-0.17562432232119682
617.6863181312569,0.06517173086474133,0.04625561305320717,-0.24060177568074692
618.6874304783092,0.12859783587007156,0.06403595430654335,-0.24347261349477112
619.6885428253614,0.043805893188407066,-0.001991774985625584,-0.19382895844306094
620.6896551724137,0.05906218063767164,-0.030674636668503882,-0.22681215953405365
621.690767519466,-0.06019549657449213,0.1061398393946776,-0.08470251570120335
622.6918798665183,-0.07581553413247871,-0.006405326514112799,-0.3057033388727699
623.6929922135706,-0.03139584882777919,0.013085515870098633,-0.22102414835259687
624.6941045606229,0.01410476083173088,-0.05077462572929299,-0.2127166865647077
625.6952169076751,-0.022022224509884676,0.045812901651678443,-0.15872442243559393
626.6963292547274,0.008869348911619293,0.019194660732784096,0.010532485217826654
627.6974416017797,-0.020716020924262727,0.007753284581996512,-0.06625300405176607
628.698553948832,0.0762834168360705,-0.052901057115704725,-0.26698384239700457
629.6996662958843,-0.002217499873059053,0.04490515755188872,-0.09642329712294744
630.7007786429366,-0.030248752944976382,0.041251693230348,-0.084280582213866
631.7018909899888,0.0029041752590328305,0.004552511049218656,0.02641365247679578
632.7030033370411,-0.02201823909164745,-0.0010293553700074396,-0.13282540495779568
633.7041156840934,-0.03627321527447535,0.04724133068238348,-0.16209629224721459
634.7052280311457,-0.015192696304494921,-0.013967318624055725,-0.20083828003419282
635.706340378198,-0.017376517495677927,0.03095672611477577,-0.24092079311655343
636.7074527252503,-0.0189029992157691,0.00707967664543705,-0.015345166252888981
637.7085650723025,-0.00258114944239633,-0.026577319070854206,-0.24959333076554555
638.7096774193548,-0.009844044449948656,0.06527934169945308,-0.1279847880132393
639.7107897664071,0.0034308804046466754,-0.03447236908850634,-0.15076438204717077
640.7119021134594,-0.08382928395087373,-0.04812144313661985,-0.14377600870187304
641.7130144605117,0.025257752915400052,0.02691333360156142,-0.11748832726238878
642.714126807564,-0.042445100573130105,-0.03526027650083845,-0.33967184930758076
643.7152391546163,0.029099831459648087,-0.01218971906764941,-0.08737304786022404
644.7163515016684,0.0427520171024677,0.10149639510784925,-0.21900529353485637
645.7174638487207,-0.006601809022021815,-0.012623017811286302,0.10728991242731642
646.718576195773,0.011166241700262383,0.01912211195101006,-0.05263716402729514
647.7196885428253,-0.0284490166009116,0.034603234505437556,-0.1930384331179573
648.7208008898776,-0.03159823780595613,-0.09403367068727554,-0.21214548693004914
649.7219132369299,-0.010568159383258635,-0.06059587034580323,-0.0392305590074471
650.7230255839821,0.014634719268990171,-0.013315315330892245,-0.07537541649590088
651.7241379310344,-0.08008556643838473,0.029565581240646822,-0.061528664186480814
652.7252502780867,-0.1251139578719395,-0.027343607391163843,-0.1018021500545438
653.726362625139,0.11062014513178708,0.02862107389751788,-0.1055271468190788
654.7274749721913,0.1090640841944127,-0.0855691906378135,-0.1299204420843444
655.7285873192436,0.01753434039754324,-0.06961316249161228,-0.058119250263665795
656.7296996662958,-0.016182018848689236,0.012261831045241521,-0.13036804198873514
657.7308120133481,-0.03380792533209187,0.036356320725419555,-0.14444756852310506
658.7319243604004,0.03630905934060346,-0.04680965097924636,-0.10519608139453479
659.7330367074527,0.008721657402669622,0.03231214712781737,-0.06894412062664433
660.734149054505,0.09324750425017436,0.05245473585404843,-0.06961064677852734
661.7352614015573,0.08504586280737768,-0.01212651980847965,-0.28722531252269534
662.7363737486095,-0.03829693088974198,0.1435675688337783,-0.2320568390477165
663.7374860956618,0.04120767502039272,-0.11484271509364274,-0.015066311379666159
664.7385984427141,0.013034697371043603,0.0323875841903977,-0.09398146687654663
665.7397107897664,-0.056378425669716487,0.039800872504537205,-0.1522385316207484
666.7408231368187,0.02332714198736023,-0.033238517006609083,-0.22708361520821724
667.741935483871,0.02621364379470359,-0.12185179837151597,-0.01810689777107824
668.7430478309232,0.02204099173770682,-0.005198544525564552,-0.1555565325380499
669.7441601779755,0.03414416292661594,-0.07400778473556743,-0.07132477586917521
670.7452725250278,0.021172206665887146,0.06946125588536613,-0.16990656858625852
671.7463848720801,0.05943535789375261,-0.040072253695691104,-0.16329413039741966
672.7474972191324,0.023873449193178464,-0.01148943357785116,-0.1100701696909252
673.7486095661847,-0.035358713607042076,-0.048869467696832244,-0.30304476297405486
674.7497219132368,0.029787836246643662,-0.001391750118427909,-0.22282515652057838
675.7508342602891,0.04701118956137879,0.06891113256252455,-0.10493935408890295
676.7519466073414,0.029212523386585833,-0.020467148296565728,-0.2696636264912969
677.7530589543937,0.01887072889276703,-0.032235674454329254,-0.10972221161890383
678.754171301446,0.11107634185213183,0.020168765623798254,-0.27255655562020187
679.7552836484983,0.11721222057164445,0.009556341216168607,0.005923111680479154
680.7563959955505,-0.03453753834066243,0.02696429496921586,-0.20682793036702965
681.7575083426028,-0.03514582483234826,-0.009583719946067985,-0.24343921958879178
682.7586206896551,0.0004650186940449452,-0.0350772106931076,-0.1845101895703595
683.7597330367074,0.03294371884163908,0.015795174672242132,-0.07108408795711248
684.7608453837597,-0.05172407410587561,0.06685843062770128,-0.17176658853106297
685.761957730812,0.03268324012177314,-0.03397041825340401,-0.126641899357584
686.7630700778642,-0.003933405834177304,0.05398979138052551,-0.1994584378650215
687.7641824249165,-0.07652268571761682,-0.005511467785645645,-0.18637027199685008
688.7652947719688,-0.029573649463105995,0.030516926200758722,-0.16521935757642522
689.7664071190211,0.022698478160053968,-0.11277277383547422,-0.1518202419178766
690.7675194660734,0.08019817260041197,0.1161541672622427,-0.27644646445562143
691.7686318131257,-0.04274014144100174,-0.028568523274070445,-0.10257004442444434
692.7697441601779,0.009151601281853787,0.06484840208954527,-0.06177261727571222
693.7708565072302,-0.00888139070260354,0.030630606876022523,-0.0929730292284627
694.7719688542825,0.059901582083617524,0.08383556361397863,-0.06525005946669488
695.7730812013348,-0.03098565431303132,0.13174661533227638,-0.20009748350592915
696.7741935483871,0.051449691156418925,-0.0484677347151719,-0.2568661881321033
697.7753058954394,-0.023580088136142444,0.04483219107055931,-0.054723706733581456
698.7764182424916,0.01980683132127714,0.03432133780604659,-0.07012227438267638
699.7775305895439,0.06331577914398885,0.00916404568021802,-0.1653611209865174
700.7786429365962,0.018289901492761218,-0.015847603191581957,-0.31913284536663333
701.7797552836485,-0.05283510380878268,0.08683440675935086,-0.19084559401339135
702.7808676307008,0.04187067545727733,0.08906168925977476,-0.018432996902533416
703.781979977753,-0.023742998085330078,0.037113474485615604,-0.2508018884021376
704.7830923248052,-0.05472020509527425,0.06466234236084223,-0.2833432535864163
705.7842046718575,-0.06488708375681722,-0.06596213824129143,-0.22037511352990002
706.7853170189098,-0.03591633873765846,-0.023096243718912494,-0.07622103432625016
707.7864293659621,-0.030838830828086746,0.052712762100037384,-0.15821455742890259
708.7875417130144,0.04523952405461275,-0.014551087809967032,-0.1769395914553953
709.7886540600667,0.00514155627706947,-0.008791426860802459,-0.11794986344986354
710.789766407119,0.015458193027491955,-0.054098199445377096,-0.08459165764863545
711.7908787541712,0.03800193276544822,-0.033436786628724624,-0.14986433006476788
712.7919911012235,0.03025767943598986,-0.0128100148644234,-0.08780896033892657
713.7931034482758,-0.005257413019962873,-0.04007474393010643,-0.2447877596608315
714.7942157953281,0.008573255380861343,0.02994977495787677,-0.031939895417404635
715.7953281423804,0.009342935730412488,0.050530147250312976,-0.021325573122974506
716.7964404894327,-0.05871431927418291,-0.06549444604115959,-0.09854405771938879
717.7975528364849,0.021056910242166743,-0.062765609633503,-0.18210908409345902
718.7986651835372,-0.09573638001380572,-0.03821502448422683,-0.16917223874912163
719.7997775305895,0.020938503279178643,0.02231652212413277,-0.09954775527420308
720.8008898776418,-0.07201944154737422,-0.10126430163147315,-0.36900552492654226
721.8020022246941,0.015432341408594933,0.04142048044055085,-0.1199099854844107
722.8031145717464,-0.033837029700798354,0.012564473929177221,-0.17262973214322735
723.8042269187986,-0.051010786738268143,-0.069476680663612,-0.11353378293022359
724.8053392658509,-0.08505598920693125,-0.039904267770748854,-0.20170509355479424
725.8064516129032,-0.08728761314693678,-0.046946270970740236,-0.2059242859769558
726.8075639599555,-0.015264812359263143,-0.05453117222198849,-0.12752028716776306
727.8086763070078,-0.004690414434963651,0.0677772028786222,-0.28685543953479886
728.8097886540601,0.07427069452753933,-0.00429305504791037,-0.1697421992171213
729.8109010011123,-0.07266732619227224,0.03028784633005246,-0.15442354499524436
730.8120133481646,0.06067959040085006,-0.02429666701311753,-0.11457767221935776
731.8131256952169,5.167665647269035e-05,0.03817592401838282,-0.051084344258199424
732.8142380422692,0.08445846091609464,-0.008732886726454052,-0.17778885132822272
733.8153503893215,0.09625833471624312,-0.0007325118637996852,-0.050167548051495925
734.8164627363738,0.03867193650060305,-0.039609857684576366,-0.12884240563456134
735.8175750834259,-0.045304547342207485,-0.01889169519178191,-0.20715361218568662
736.8186874304782,-0.012085256219409998,-0.05689592766774888,-0.3223454264731091
737.8197997775305,0.010514245895668486,0.05797427744389594,-0.21507778336438108
738.8209121245828,-0.021589374254346927,0.060578637394704926,-0.18861809149703887
739.8220244716351,0.08859391220692703,0.03201344413846079,-0.19312983702000416
740.8231368186874,0.10360851489859034,-0.026141066008546217,-0.18687430568425265
741.8242491657396,-0.01245619276418734,-0.0038931632778283717,-0.10722846538959013
742.8253615127919,-0.010689278913052443,0.009761621187625635,-0.42880114969712446
743.8264738598442,-0.02096184851839194,-0.023971374428454525,-0.2619248604621083
744.8275862068965,-0.09261072638566795,0.01856562828245698,-0.19846602984388176
745.8286985539488,-0.022955751031820144,-0.034411950888429736,-0.1752751150186976
746.8298109010011,-0.057927724767196376,0.030619856606927433,-0.24828134893573092
747.8309232480533,0.06053960756138454,-0.07238286872970089,-0.2060155255258289
748.8320355951056,-0.07137819087230282,-0.020408412419860522,0.004018869488102483
749.8331479421579,0.1155832412658997,0.07038870462590148,-0.03255788180320035
750.8342602892102,-0.034173869020859934,0.04100329393201124,-0.21483452453949706
751.8353726362625,0.03358238576327476,-0.06464056258726426,-0.12967606522506944
752.8364849833148,-0.1278466215398633,0.15733913290649215,-0.19329309892680097
753.837597330367,-0.020209588020988954,0.026981320692142166,-0.1343034325991668
754.8387096774193,-0.061378825086503525,0.0050017617577762,-0.17148006616982295
755.8398220244716,0.024970968267981297,0.010610949705406268,-0.23543122164839247
756.8409343715239,0.04622494350256909,-0.06747114140370447,-0.15389566013372186
757.8420467185762,0.039435120538743186,0.007366567424176212,-0.18871793468112494
758.8431590656285,-0.04492025350592367,-0.014156131980201346,-0.009843939280073405
759.8442714126807,0.04457428727611004,0.03291447760999028,-0.06111463828187051
760.845383759733,-0.02925611198719182,0.09294362693292252,-0.028656835089790667
761.8464961067853,-0.046959117835147945,-0.049432113965587554,-0.1448546204126781
762.8476084538376,-0.03133599833879272,0.022302804967496426,-0.1171968727769231
763.8487208008899,-0.003965707798838057,0.11016201217697918,-0.13770909782368435
764.8498331479421,0.06635286813790751,-0.04483520210151796,-0.09381375079207653
765.8509454949943,-0.02421921293789231,0.09163707370056251,-0.06899315899585173
766.8520578420466,0.007198958700476387,-0.09179739310906034,-0.07886301813494768
767.8531701890989,-0.008377936456269984,-0.015781019962104695,-0.15784633118771027
768.8542825361512,-0.038168361993143635,0.09806397195256122,-0.2695474339237188
769.8553948832035,0.036666206995073856,0.030142519009716623,-0.19452572338761767
770.8565072302558,-0.005453602339170475,0.026081460413380855,-0.08553053229824335
771.8576195773081,-0.057364837528688956,0.06099681980844083,-0.07724724187604665
772.8587319243603,0.02397788105162896,-0.009203905392856366,-0.2041939961752703
773.8598442714126,-0.0009427877047862771,-0.031376652921013694,-0.12500148855605092
774.8609566184649,0.0503497741300373,0.020453398078249946,-0.2434125035397675
775.8620689655172,0.032067258610834,0.02526691165219779,-0.2127363972475812
776.8631813125695,0.08766311155280064,-0.03438951672306088,-0.20506053843179736
777.8642936596218,0.012453697391501218,-0.009687861758725606,-0.1579706443303805
778.865406006674,-0.08552366356267091,0.027893268533321493,-0.04186742161410628
779.8665183537263,-0.0056367914813928235,-0.014939080493411147,-0.24410470440652576
780.8676307007786,-0.12553486092829821,-0.073988138952207,-0.29767920392436786
781.8687430478309,0.029815030905811158,-0.12944169936580227,-0.14473873952187605
782.8698553948832,0.10778827122778308,-0.029514503207740413,-0.1780177619666876
783.8709677419355,0.019633167493011066,-0.0049623150014166196,-0.28711286442105804
784.8720800889877,0.0038829684184452234,0.012753626738601817,-0.2665129164790607
785.87319243604,-0.01242117940855581,-0.030148510808124293,-0.1601808054995746
786.8743047830923,-0.028809114183762835,0.0006531538665765693,-0.15259102894549673
787.8754171301446,-0.0516119544981804,0.0011205775236731257,-0.16110805660551794
788.8765294771969,0.0422514720096988,-0.03137242464419882,-0.29521537811498255
789.8776418242492,-0.002411459209955069,-0.0162926677280454,-0.05979806326984763
790.8787541713014,0.007561616098477321,-0.009484838407506597,-0.11246762172305712
791.8798665183537,0.06927283727265829,-0.013904401903402377,-0.3407756261925927
792.880978865406,-0.029573590010554374,0.0940062848523397,-0.07756202023921274
793.8820912124582,-0.09793525840543915,0.07574236150927452,-0.12988028920332498
794.8832035595105,-0.0625589731088935,-0.017988949214892042,-0.2508052628695477
795.8843159065628,0.028133124696034087,-0.014655177901152318,-0.14122705906669333
796.885428253615,-0.04445838162910157,-0.07789488449994773,-0.114950934101356
797.8865406006673,-0.11087862901749555,0.03007690337538236,-0.3968938956750042
798.8876529477196,0.015432910543455745,0.09735774927945513,-0.20206507444705823
799.8887652947719,0.04663429652260196,0.01045562819960425,-0.10589573507957488
800.8898776418242,-0.011909330577568395,-0.02109681564059493,-0.15605557882682367
801.8909899888765,-0.05079558850581889,-0.0025320301370039926,-0.18632472197494918
802.8921023359287,-0.02793095516089704,-0.054930398378771284,-0.23742384406299952
803.893214682981,0.01827305199206199,-0.02038901384717039,-0.17166960507122273
804.8943270300333,0.040504996890322914,0.0021268939641942756,-0.20486107974063822
805.8954393770856,-0.023097981460130215,-0.007901481515066356,-0.23355075918571683
806.8965517241379,0.13336300997349368,-0.03109032665500154,-0.20921285857440597
807.8976640711902,-0.055800892608597524,0.07509935799133788,-0.1496550199344742
808.8987764182424,0.025435150678172015,0.036961781643171834,-0.20188331915486152
809.8998887652947,0.011019291804282627,-0.11101773570376215,-0.14816553126431034
810.901001112347,-0.06029851003970798,0.0008802525331389164,-0.218452461394174
811.9021134593993,-0.058143660064154536,0.012459837141866046,-0.21518136785260933
812.9032258064516,0.041457296561304854,0.02010320213775464,-0.20910589860342296
813.9043381535039,0.02966565748051709,-0.013907391936983947,-0.3069311831157908
814.9054505005561,0.08373193810878657,0.08814427865889944,-0.11208853742726275
815.9065628476084,0.01867368507733971,0.10740127605447314,-0.08747430897912507
816.9076751946607,0.02389064662357671,-0.06722497700464859,-0.2789536177296721
817.908787541713,-0.014758863859089841,-0.023116877724899402,-0.18619923094772858
818.9098998887653,-0.05354906949128997,0.02787902154685709,-0.308111549555437
819.9110122358176,-0.03370774545391468,-0.009430722619826918,-0.10202421893704744
820.9121245828698,0.06094012131903716,-0.010683824880607116,-0.17111939843926255
821.913236929922,-0.05158695124714272,0.001151685343007902,-0.1624925041310195
822.9143492769743,0.0011886522146961416,0.006331025348445931,-0.04175041785615988
823.9154616240266,-0.06792808896378937,-0.06713557168855529,-0.14684107419969897
824.916573971079,0.0662623559500673,-0.01153073771119733,-0.1291528504402707
825.9176863181312,0.024104428679774942,-0.054001948679519976,-0.2714505728675648
826.9187986651834,-0.02543157844422558,0.04434782749325933,-0.1158425932199172
827.9199110122357,0.07080965465530983,0.023249367679479094,-0.0762824996579165
828.921023359288,0.014095197113221056,0.0017996574753370229,-0.26995490394455257
829.9221357063403,-0.011738347899415446,0.026021263364661054,-0.2834027273437338
830.9232480533926,0.04191087630513919,0.04391035803341966,-0.12793303920989318
831.9243604004449,-0.02114530325723009,0.010611935916044785,-0.14458540379701512
832.9254727474972,0.032322885547630284,-0.018283411534685018,-0.262479460317401
833.9265850945494,0.027590107769755113,-0.019583394603485585,-0.16859195345649047
834.9276974416017,-0.04590471318176024,-0.08905815818188445,-0.27139153939071103
835.928809788654,-0.028267967886268182,0.0517999367086754,-0.15848953363609591
836.9299221357063,0.058776040434935554,-0.014215890160435358,-0.060177492808458605
837.9310344827586,0.00946993794696041,-0.03314471545359237,-0.24897516979142634
838.9321468298109,0.007943383133086275,-0.03148273817578147,-0.24199235596958196
839.9332591768631,-0.004168534531902963,-0.07014867760780992,-0.06886528575654496
840.9343715239154,-0.07912237951241703,0.003307026309976654,-0.32907745348506334
841.9354838709677,0.025491445217256017,0.007388837264813947,-0.1789536826025519
842.93659621802,0.11631772525951473,-0.03202319796033618,-0.1858322820786811
843.9377085650723,-0.0718197368613124,-0.09953606145397478,-0.08870985580275226
844.9388209121246,0.06986245680455082,0.03393184373944199,-0.12738551455576583
845.9399332591768,-0.028342458361922576,-0.034042387075256975,-0.2359821969546444
846.9410456062291,0.04883462811863845,0.0035390009750372723,-0.18435063238479657
847.9421579532814,0.025778818610938697,-0.028846465927532896,-0.2336988358711998
848.9432703003337,-0.006088932351311496,-0.01701807415728999,-0.1687628313806142
849.944382647386,0.024075967518742053,0.004176556446890979,-0.34596597812902735
850.9454949944383,0.02966735588623632,0.08931175976497563,-0.1397447315111767
851.9466073414904,-0.011163923286060275,-0.0012863912720739025,-0.1760536848513185
852.9477196885427,0.010388028362681297,-0.011802144922494068,-0.20358204254152518
853.948832035595,-0.016085713512678703,0.07600007331862012,-0.10442729932797638
854.9499443826473,-0.004421502869919087,0.02452632462026666,-0.4200686369306109
855.9510567296996,-0.05631325527877497,-0.05686112290098362,-0.14241289338124113
856.9521690767519,-0.06800212069361111,0.05170301824312776,-0.2071745404355786
857.9532814238041,0.03753385780772491,-0.0018663410431551696,-0.235865616196332
858.9543937708564,0.04010561955764606,-0.03774051534577115,-0.2017502823906092
859.9555061179087,-0.008805588557831008,-0.07417642236582843,-0.06708099679196852
860.956618464961,-0.06154779822656253,-0.036480730905450655,-0.11250284477313183
861.9577308120133,-0.025201275261956646,-0.023552219209104833,-0.21893589333858354
862.9588431590656,-0.057559836285490495,0.028600531285150877,-0.08533101339044152
863.9599555061178,-0.00926794175070588,0.0802924359195313,-0.2441084847452254
864.9610678531701,-0.00771395635621221,0.06030577866043449,-0.22537309987642257
865.9621802002224,0.01951755839660829,-0.04003287794583571,-0.23849970270158
866.9632925472747,0.04397097193898133,-0.006725016769909735,-0.23135524564578197
867.964404894327,-0.03810482607783561,0.049292733340478595,-0.2773590093705619
868.9655172413793,-0.003202876208552894,0.00039430025150440974,-0.11635175994050717
869.9666295884315,-0.02006935466704694,-0.02088826430101547,-0.047902608917436695
870.9677419354838,0.028354066337994883,-0.07629727558499383,-0.28037739923376365
871.9688542825361,-0.03671784946803852,-0.025851821723355137,-0.3152589512807588
872.9699666295884,0.041056335472409416,-0.03444698986014061,-0.13733544951593338
873.9710789766407,-0.00533738292994679,-0.053379829626351065,-0.12379627062322082
874.972191323693,0.0028264605424687915,-0.006468117816140565,-0.3329703150498674
875.9733036707452,0.09560166603335217,0.06927111698880228,-0.24487358718910926
876.9744160177975,0.15248444351214396,0.015576694345427234,-0.21645625995495155
877.9755283648498,-0.010687841973098385,0.05206502138006112,-0.16344408205802397
878.9766407119021,0.040790484032453916,-0.020457338586909676,-0.2807243608428809
879.9777530589544,-0.056427469479258266,0.03646688476848308,-0.08526685635021851
880.9788654060067,-0.09930079150395771,0.033322324109675304,-0.16543512918154873
881.9799777530588,-0.04817517863363727,-0.033587053869219,-0.05250034503036999
882.9810901001111,0.022717123868689633,0.04174492237827411,-0.3023537852794651
883.9822024471634,-0.006804883228461213,-0.0022743598055689576,-0.2048835561328318
884.9833147942157,-0.022265079882106194,0.08409381389032866,-0.17557280733791936
885.984427141268,0.022379741314882684,0.04121133803162851,-0.29642401953598935
886.9855394883203,0.04718610835808085,-0.03744877391398938,-0.18562792849893409
887.9866518353725,0.10774170558553964,0.007132445697319235,-0.26549327550108315
888.9877641824248,-0.0400638539682251,0.051002253664736076,-0.23979603230175436
889.9888765294771,0.062405939854287586,0.02269937710964917,-0.16454756044810892
890.9899888765294,0.007022008341301219,0.010426787505825324,-0.1837656415440018
891.9911012235817,-0.010748530507542644,0.05859745684415366,-0.12042212320531298
892.992213570634,0.04053870531201707,-0.05181328987352351,-0.2944550669446021
893.9933259176862,0.006811292628215309,-0.06251237191723522,-0.180743361960777
894.9944382647385,-0.0787265963910288,0.015842669406057403,-0.2814990954236025
895.9955506117908,-0.03187013012959959,-0.038799009630386905,-0.27991866616602495
896.9966629588431,0.009741917076404186,0.024330470763180234,-0.15676388450178214
897.9977753058954,-0.05042254494848328,-0.008706740524074245,-0.12222842790994938
898.9988876529477,0.03372580950421242,-0.0001598160338022867,-0.24865966296645176
900.0,0.0947523101462316,-0.05577437388921519,-0.17635447630815126
